,Пол,Сумма баллов ЕГЭ за 3 предмета,ОЛ / Математика,ОЛ / Информатика и программирование,ОЛ / Физика," / Геймдев, VR, AR", / Спорт, / Программирование, / Робототехника, / 3D-моделирование, / Решение математических задач," / Творчество: музыка, рисование, танцы и т.п.", / Физика,НЗ / Веб-разработкой,НЗ / Системным администрированием,НЗ / Математикой,НЗ / Работой с компьютерным оборудованием и сборкой ПК,НЗ / Биологией,НЗ / Аналитикой данных,НЗ / Разработка графических интерфейсов - GUI,НЗ / Написанием серверной части приложений - Back,НЗ / Написанием клиентской части приложений - Front,НЗ / Экономикой и финансами,"НЗ / Поиском ошибок и уязвимостей на сайтах, в играх или приложениях","Вы поступили в университет, потому что сами этого хотели?",Вам важно получать хорошие отметки?,QA-тестировщик,Аналитика данных,Веб-разработка,Искусственный интеллект и машинное обучение,Кибербезопасность,Мобильная разработка,Облачные вычисления и DevOps,Разработка UI/UX,Разработка игр,Системное программирование,target
0,True,245.15889994884066,True,True,False,False,True,True,False,False,False,False,False,3,1,2,2,1,3,1,3,2,2,1,True,True,False,False,False,True,False,False,False,False,False,False,Информатика и вычислительная техника
1,False,246.69733881654,True,False,True,False,True,False,False,False,True,True,True,2,2,3,3,3,3,2,2,2,3,2,True,True,False,False,False,True,False,False,False,False,False,False,Биотехнические системы и технологии
2,False,242.12924411132482,False,False,False,False,False,False,False,False,False,False,True,1,1,1,1,1,1,1,3,3,1,1,True,False,False,False,False,False,False,True,False,False,False,False,Информатика и вычислительная техника
3,True,244.93919190686967,True,True,False,False,True,True,False,False,True,False,False,3,1,3,3,3,3,3,2,3,2,3,True,True,False,False,False,False,True,False,False,False,False,False,Информационная безопасность
4,True,246.44757603724022,False,False,False,True,True,False,False,False,False,False,False,2,2,1,2,1,2,3,2,3,1,3,True,True,True,False,False,False,False,False,False,False,False,False,Информационные системы и технологии
5,True,241.6604771909043,False,False,False,True,True,True,False,False,False,False,False,3,3,1,3,1,3,1,1,1,3,3,True,True,False,False,False,False,True,False,False,False,False,False,Информационная безопасность автоматизированных систем
6,False,245.01524468967278,False,False,False,False,True,False,False,False,False,True,False,3,1,3,1,1,3,1,1,3,2,1,True,False,False,False,True,False,False,False,False,False,False,False,Информатика и вычислительная техника
7,False,245.97421641458888,False,True,True,False,False,False,False,False,False,False,False,2,1,1,1,1,2,1,1,1,1,1,True,True,False,False,False,False,True,False,False,False,False,False,Информационная безопасность
8,True,247.83590000351515,False,False,False,False,False,False,False,False,False,False,False,3,1,1,3,1,1,1,3,1,1,1,True,False,False,False,True,False,False,False,False,False,False,False,Информатика и вычислительная техника
9,True,243.53092088975404,False,False,False,False,False,False,False,False,False,False,False,3,3,3,3,1,3,3,3,3,3,3,True,False,False,False,False,False,False,False,True,False,False,False,Информатика и вычислительная техника
10,False,250.15344335005997,False,False,False,False,False,False,False,False,False,True,False,2,2,1,2,2,1,3,1,1,1,3,True,True,False,False,True,False,False,False,False,False,False,False,Информатика и вычислительная техника
11,False,248.08707599292617,False,False,False,False,False,False,False,False,True,True,False,3,1,2,1,1,3,1,2,3,1,2,True,True,False,False,False,False,False,False,False,True,False,False,Программная инженерия
12,True,245.07548499995454,True,False,False,False,False,False,False,False,False,False,False,1,1,3,2,1,2,2,2,2,2,1,True,False,False,False,False,False,False,False,False,False,True,False,Информатика и вычислительная техника
13,True,247.81702397810852,False,False,False,False,False,True,True,False,True,False,False,1,1,3,1,3,3,3,1,1,1,3,True,True,False,False,False,False,False,False,False,False,True,False,Программная инженерия
14,False,245.72420545297882,False,False,False,False,True,False,False,True,True,False,False,2,1,3,1,1,3,2,2,2,3,2,True,True,False,False,False,True,False,False,False,False,False,False,Информатика и вычислительная техника
15,False,242.52769851649595,True,True,True,True,False,False,False,False,False,True,False,2,1,2,2,3,2,2,1,3,3,3,True,True,False,False,False,False,False,False,False,False,True,False,Информатика и вычислительная техника
16,True,244.17871358410014,False,False,False,False,False,False,False,False,True,False,False,3,2,2,3,2,2,1,3,1,2,2,True,False,False,False,True,False,False,False,False,False,False,False,Информатика и вычислительная техника
17,True,245.9549618528632,False,False,False,False,True,False,False,False,False,False,False,3,2,1,1,1,1,3,2,3,1,2,True,False,False,False,True,False,False,False,False,False,False,False,Информатика и вычислительная техника
18,False,246.32899368403423,False,False,False,False,False,False,False,False,False,True,False,1,2,1,3,3,1,1,1,1,1,1,False,True,False,False,False,False,False,False,False,False,True,False,Информатика и вычислительная техника
19,True,244.46915750278205,False,False,True,False,False,False,False,False,False,False,False,2,3,1,2,1,3,1,3,1,1,3,True,False,False,False,False,False,True,False,False,False,False,False,Информационная безопасность автоматизированных систем
20,True,248.24130363919403,False,False,False,False,True,True,False,False,False,True,False,1,1,3,3,1,3,1,1,1,2,1,True,True,False,True,False,False,False,False,False,False,False,False,Информатика и вычислительная техника
21,True,247.6545121379826,False,False,False,False,True,True,True,False,False,True,False,3,3,1,3,3,2,2,2,2,3,3,True,True,False,False,False,False,True,False,False,False,False,False,Информационная безопасность
22,True,246.42685394250555,False,False,False,True,False,True,True,False,False,False,False,3,1,1,2,1,1,1,3,2,1,1,True,False,False,False,True,False,False,False,False,False,False,False,Информатика и вычислительная техника
23,True,244.39236703139085,False,True,False,False,True,True,False,False,False,False,False,1,1,1,3,1,3,3,3,1,3,1,True,False,False,False,False,False,False,True,False,False,False,False,Информатика и вычислительная техника
24,True,244.9330832173759,True,True,False,False,False,True,False,False,True,False,False,2,2,3,3,3,2,2,2,2,2,2,True,True,False,False,False,False,False,False,False,False,True,False,Информатика и вычислительная техника
25,True,245.42792362234346,False,False,False,False,False,True,False,False,False,False,False,2,3,2,1,1,2,1,3,1,2,1,True,False,False,False,False,False,False,False,True,False,False,False,Информационные системы и технологии
26,True,243.96627495268692,True,False,False,False,False,True,False,False,True,False,False,2,1,2,1,1,3,1,3,1,2,1,True,False,False,False,False,False,False,False,False,False,False,True,Информатика и вычислительная техника
27,False,244.47428170433005,False,False,False,False,False,False,False,False,False,True,True,2,3,2,2,1,3,2,2,2,3,3,True,True,False,False,False,False,False,True,False,False,False,False,Информационные системы и технологии
28,True,246.19017605433916,True,True,True,True,True,True,False,False,True,False,False,2,2,2,2,1,2,1,1,3,1,2,True,True,False,False,False,False,False,False,False,False,True,False,Информационная безопасность
29,True,246.6674471273103,False,True,False,True,False,True,True,False,False,False,False,2,2,2,2,1,2,3,2,2,1,2,True,True,False,False,False,False,False,False,False,False,True,False,Информационная безопасность
30,True,246.043573141241,True,True,True,False,True,False,False,False,False,True,True,1,1,3,3,1,1,1,1,1,1,3,True,False,False,False,False,False,True,False,False,False,False,False,Информационная безопасность автоматизированных систем
31,True,244.79907919260992,False,False,False,False,True,True,False,False,True,False,False,1,1,1,3,1,1,3,2,2,1,3,True,False,False,False,False,False,False,True,False,False,False,False,Прикладная информатика
32,False,246.92931976330212,False,False,False,False,False,False,False,False,False,False,False,3,2,1,2,1,1,3,2,3,3,3,True,True,False,False,False,False,False,False,False,False,True,False,Информационная безопасность
33,True,242.5055174861227,False,False,False,False,False,False,False,False,False,True,False,3,1,1,1,1,2,1,3,2,1,2,True,True,False,False,False,False,False,False,False,False,True,False,Информатика и вычислительная техника
34,True,246.33932657898788,True,True,False,False,False,True,False,False,True,False,False,2,1,3,1,1,3,1,3,2,2,2,False,False,False,False,False,True,False,False,False,False,False,False,Информатика и вычислительная техника
35,False,243.88098622431934,True,False,False,False,True,True,False,False,True,False,True,2,2,3,1,1,2,2,3,1,1,1,True,True,False,False,False,False,False,True,False,False,False,False,Информатика и вычислительная техника
36,False,243.6482633850243,False,False,False,False,True,True,False,False,False,True,False,1,2,3,3,3,1,1,1,1,2,1,True,False,False,False,False,False,True,False,False,False,False,False,Информационная безопасность
37,True,242.89719279906512,False,False,False,True,False,True,False,False,True,False,False,2,1,2,3,2,2,2,2,2,1,3,True,False,False,False,False,False,True,False,False,False,False,False,Биотехнические системы и технологии
38,True,242.29755915659456,False,False,False,True,False,False,False,False,False,False,False,3,1,1,3,1,1,2,3,2,1,1,True,True,False,False,True,False,False,False,False,False,False,False,Информатика и вычислительная техника
39,True,247.3593989720896,False,False,False,True,False,True,False,False,False,True,False,3,3,2,3,1,2,2,3,3,2,2,True,False,False,False,True,False,False,False,False,False,False,False,Программная инженерия
40,True,246.62748948485654,True,True,False,False,False,True,False,False,False,False,False,2,2,1,3,3,1,3,2,3,1,2,True,True,False,False,False,False,False,False,False,False,True,False,Информационная безопасность автоматизированных систем
41,True,247.9198955815312,False,False,False,False,False,False,False,False,False,True,False,2,1,2,2,2,2,2,2,3,3,2,True,False,False,False,False,False,False,True,False,False,False,False,Информатика и вычислительная техника
42,True,244.27423653998636,False,False,False,False,False,True,False,False,False,False,False,1,1,1,2,1,1,1,3,1,1,2,True,False,False,False,False,False,False,False,False,False,False,True,Информатика и вычислительная техника
43,True,249.82419845205388,False,False,False,False,True,False,False,False,False,True,False,1,1,3,3,2,1,3,1,2,1,1,True,True,False,False,False,True,False,False,False,False,False,False,Биотехнические системы и технологии
44,True,245.4416881804319,False,True,False,False,False,True,False,False,False,True,False,2,2,1,2,1,2,1,1,2,3,3,True,False,False,False,False,True,False,False,False,False,False,False,Информационная безопасность
45,True,248.29148027186784,False,False,False,True,False,True,False,False,True,False,False,3,1,2,1,1,1,2,3,2,2,2,True,False,False,False,True,False,False,False,False,False,False,False,Информатика и вычислительная техника
46,True,240.85975391490763,True,False,False,True,True,False,False,False,False,True,False,2,2,3,1,1,3,1,2,2,2,2,True,False,False,False,False,False,False,False,False,False,True,False,Информатика и вычислительная техника
47,True,247.62441452568362,False,False,False,True,False,True,False,False,False,False,False,1,3,2,2,2,2,3,3,2,2,3,True,True,False,False,False,False,True,False,False,False,False,False,Информационная безопасность
48,True,247.09598745934395,False,False,False,False,False,True,False,True,False,False,False,2,3,3,3,1,2,1,1,1,2,3,True,True,False,False,False,False,True,False,False,False,False,False,Информационная безопасность
49,True,244.6940999598859,False,False,False,False,True,False,False,False,False,False,False,3,1,2,2,1,2,2,1,3,2,1,True,False,False,False,True,False,False,False,False,False,False,False,Информатика и вычислительная техника
50,True,245.57962816822288,True,True,False,True,True,True,True,False,False,False,False,2,3,1,3,2,1,2,2,2,1,3,True,True,False,False,False,False,False,False,False,False,False,True,Прикладная информатика
51,True,246.809368763577,True,True,True,True,True,True,False,False,True,False,False,3,3,3,3,2,2,3,3,3,3,3,False,False,False,False,False,False,False,False,False,False,False,True,Информатика и вычислительная техника
52,False,248.24470222097708,True,True,False,False,False,False,False,False,True,True,False,3,1,2,1,1,2,1,3,2,1,2,True,True,False,False,True,False,False,False,False,False,False,False,Информатика и вычислительная техника
53,True,244.08200969898337,True,False,False,False,True,True,False,False,True,False,False,1,1,1,1,1,1,1,3,1,1,1,True,False,False,False,False,False,False,True,False,False,False,False,Информатика и вычислительная техника
54,False,248.61486664759667,True,False,True,False,True,False,False,False,False,True,True,2,2,3,2,1,2,2,2,2,2,3,True,True,False,False,False,True,False,False,False,False,False,False,Информатика и вычислительная техника
55,False,247.86744059424387,True,False,False,False,False,False,False,False,True,True,False,1,1,2,1,1,1,1,1,1,1,3,True,True,False,False,False,False,True,False,False,False,False,False,Информационная безопасность
56,True,241.82667303185616,False,False,False,False,True,True,False,False,False,True,False,2,2,2,3,1,1,2,2,2,1,2,True,True,False,False,False,False,False,False,False,False,True,False,Информатика и вычислительная техника
57,True,246.27133476268097,True,True,False,True,False,True,True,True,False,False,False,1,3,1,3,1,1,2,2,2,1,2,False,False,False,False,False,False,False,False,False,True,False,False,Информатика и вычислительная техника
58,False,243.63999589292246,False,False,False,False,False,False,False,False,False,True,False,2,2,1,2,2,2,2,2,2,2,2,True,True,False,True,False,False,False,False,False,False,False,False,Информатика и вычислительная техника
59,True,245.05544132949768,False,False,False,True,False,False,True,True,False,True,False,1,3,1,3,1,1,1,3,1,1,3,True,False,True,False,False,False,False,False,False,False,False,False,Информатика и вычислительная техника
60,True,245.19377379818206,True,False,False,False,False,True,False,False,False,True,False,3,1,3,2,1,3,1,3,3,1,1,True,True,False,False,True,False,False,False,False,False,False,False,Информационные системы и технологии
61,True,243.19084158063475,True,True,False,False,False,True,False,False,True,False,False,3,3,3,3,1,1,1,3,1,1,3,True,False,False,False,False,False,True,False,False,False,False,False,Информационная безопасность
62,True,243.08738345823937,True,False,False,False,True,False,False,False,False,True,False,2,2,3,1,1,1,1,1,1,2,2,False,True,False,False,False,False,True,False,False,False,False,False,Информационная безопасность
63,True,246.0439482759439,True,True,False,False,False,True,False,False,True,True,False,2,1,3,1,1,2,1,3,2,1,1,True,True,False,False,True,False,False,False,False,False,False,False,Информатика и вычислительная техника
64,False,247.38353333511685,False,False,False,False,True,False,False,False,False,True,False,2,2,2,1,1,2,2,2,2,1,2,True,True,False,False,False,False,False,True,False,False,False,False,Информатика и вычислительная техника
65,True,244.3729911982752,True,False,False,False,False,False,False,False,False,False,False,1,3,1,3,1,2,1,1,1,3,2,True,False,False,False,False,False,True,False,False,False,False,False,Информатика и вычислительная техника
66,False,243.5949961244871,True,True,True,False,True,False,False,False,True,True,False,3,1,3,3,1,2,3,3,3,1,1,True,True,False,False,False,False,False,True,False,False,False,False,Информатика и вычислительная техника
67,True,243.37398453694564,False,False,False,False,True,True,False,False,False,False,False,3,2,2,3,1,1,1,3,1,1,1,False,False,False,False,True,False,False,False,False,False,False,False,Информатика и вычислительная техника
68,True,247.71329526105598,True,False,False,False,False,False,False,False,False,True,False,1,1,3,2,1,1,1,1,1,1,1,True,False,False,False,False,False,False,False,False,False,False,True,Информатика и вычислительная техника
69,True,244.3040668212323,True,False,False,False,False,False,False,False,True,False,True,1,1,1,1,1,2,1,1,2,2,2,True,False,False,False,False,True,False,False,False,False,False,False,Информатика и вычислительная техника
70,True,247.32053803294698,True,True,False,False,True,True,False,False,False,True,False,3,2,2,3,1,3,3,3,3,2,2,True,False,False,False,True,False,False,False,False,False,False,False,Информатика и вычислительная техника
71,False,245.30675726674224,True,True,False,False,False,True,False,False,True,True,False,2,2,2,2,2,2,3,2,2,2,3,True,True,False,False,False,False,False,False,False,False,True,False,Программная инженерия
72,True,243.49692918043522,True,False,True,False,False,True,False,False,False,False,True,1,3,1,3,3,1,1,3,2,1,3,True,False,False,False,False,False,True,False,False,False,False,False,Информационная безопасность
73,True,243.60361648681183,False,False,False,True,False,True,False,True,False,False,False,1,2,1,3,2,2,3,3,1,2,2,True,False,False,False,False,False,False,False,False,False,False,True,Информационная безопасность
74,True,243.56047876331652,False,False,False,False,False,False,False,False,False,False,False,1,2,2,2,1,1,1,1,3,1,3,True,True,False,False,False,False,True,False,False,False,False,False,Информационная безопасность
75,True,243.22237108782835,False,False,False,False,False,False,False,False,False,False,False,1,1,1,3,1,2,1,1,1,1,3,True,False,False,False,False,False,True,False,False,False,False,False,Информационная безопасность
76,True,247.44179828713703,False,False,False,False,True,False,False,False,False,False,False,1,1,3,3,1,1,1,3,2,3,3,True,True,False,False,False,False,False,False,False,False,False,True,Информатика и вычислительная техника
77,True,246.59698811504344,False,False,False,False,False,False,False,False,True,False,False,2,2,3,3,1,1,2,2,2,2,3,True,False,False,False,False,False,False,False,False,False,True,False,Информатика и вычислительная техника
78,False,247.8771218790258,False,False,False,True,False,False,False,False,False,True,False,3,2,1,1,1,2,3,1,3,1,2,True,False,False,False,False,False,False,False,False,False,True,False,Информатика и вычислительная техника
79,True,246.1110783221038,False,False,False,False,True,True,False,True,False,False,False,3,1,1,1,1,3,3,3,3,3,3,True,False,False,False,True,False,False,False,False,False,False,False,Информационная безопасность
80,True,248.8935547838863,False,False,False,False,True,False,False,False,False,False,False,2,3,2,3,1,3,1,2,2,3,3,True,True,False,False,False,False,False,False,False,True,False,False,Информатика и вычислительная техника
81,True,246.08225087874317,True,True,True,False,False,True,False,False,False,True,True,3,2,3,2,1,2,1,3,1,1,1,True,False,False,False,True,False,False,False,False,False,False,False,Информатика и вычислительная техника
82,False,242.84339921497207,False,False,False,False,False,False,False,False,False,True,False,2,2,1,1,1,3,1,2,2,1,3,True,False,False,False,False,False,True,False,False,False,False,False,Информационная безопасность
83,True,245.13636763645812,True,True,False,True,False,True,False,False,False,False,False,2,2,2,2,1,2,2,2,2,1,2,True,False,False,False,False,False,False,False,False,False,True,False,Информатика и вычислительная техника
84,True,241.54827262805895,False,False,False,False,True,False,False,True,True,False,False,3,2,2,3,2,3,3,1,1,3,3,True,True,False,True,False,False,False,False,False,False,False,False,Информационные системы и технологии
85,False,248.32630008974792,False,False,False,True,False,True,False,False,False,True,False,3,2,3,1,1,2,3,2,3,1,2,True,True,False,False,False,False,False,False,False,False,True,False,Информационная безопасность
86,True,245.9282738059304,True,True,False,False,True,True,False,True,True,True,False,3,1,2,3,1,1,2,3,3,2,2,True,False,False,False,False,False,False,True,False,False,False,False,Информатика и вычислительная техника
87,True,245.02181422399352,False,False,False,False,True,False,False,False,False,False,False,1,2,1,3,2,2,2,2,2,3,2,True,False,False,False,False,False,False,True,False,False,False,False,Информатика и вычислительная техника
88,True,244.23000184986674,False,False,False,True,True,False,False,False,False,True,False,3,2,1,2,1,2,2,2,2,2,1,True,False,False,False,False,False,False,False,False,False,True,False,Информационные системы и технологии
89,False,244.81177101901594,False,False,False,False,True,False,False,False,False,True,False,2,2,1,2,1,2,2,2,2,2,1,True,True,False,False,True,False,False,False,False,False,False,False,Информатика и вычислительная техника
90,True,243.68016012434376,True,True,False,False,True,True,False,False,True,True,False,3,2,3,3,1,2,1,3,3,3,3,True,False,False,False,False,False,False,False,False,False,True,False,Информатика и вычислительная техника
91,True,247.0776889274621,True,True,False,False,False,True,False,False,False,False,False,2,2,2,1,2,2,2,2,2,1,1,True,True,False,False,False,False,False,False,False,False,True,False,Программная инженерия
92,True,242.67156297708053,False,False,False,False,True,False,False,False,True,False,False,1,1,2,3,1,1,3,3,1,1,2,True,False,False,False,False,False,False,False,False,False,True,False,Прикладная информатика
93,False,242.09226543247965,True,True,False,False,False,False,False,False,False,False,False,3,2,2,2,1,1,1,1,3,1,2,True,False,False,False,True,False,False,False,False,False,False,False,Информационная безопасность
94,True,248.07401640928228,False,False,False,False,False,False,False,False,True,False,False,1,1,1,1,1,1,1,1,1,1,1,True,True,False,False,False,False,False,False,False,False,True,False,Биотехнические системы и технологии
95,True,245.50817004186578,False,False,False,False,False,False,False,False,False,True,False,2,2,1,3,1,2,2,2,2,2,3,True,False,False,False,False,False,False,False,False,False,True,False,Программная инженерия
96,True,241.041717734291,False,False,False,False,True,False,False,False,True,True,False,3,2,2,3,1,2,2,2,2,1,1,True,False,False,False,False,True,False,False,False,False,False,False,Информатика и вычислительная техника
97,False,245.38948678654958,True,True,False,False,False,True,True,False,False,True,False,2,2,2,3,1,3,2,2,2,3,3,True,False,False,True,False,False,False,False,False,False,False,False,Прикладная информатика
98,True,245.68800220530358,True,True,False,False,False,False,False,False,False,True,False,3,3,1,3,3,1,1,2,2,1,1,False,False,False,False,True,False,False,False,False,False,False,False,Прикладная информатика
99,True,245.69032144643862,True,False,True,False,False,False,False,False,True,True,True,2,1,3,3,1,2,1,1,2,3,1,True,False,False,False,False,True,False,False,False,False,False,False,Прикладная информатика
100,False,243.10658945497264,False,False,False,False,False,False,False,False,False,False,False,3,2,3,1,1,2,2,2,2,2,3,True,True,False,False,True,False,False,False,False,False,False,False,Прикладная информатика
101,True,243.04961583754354,True,True,False,False,False,True,False,False,False,False,False,3,1,3,1,1,2,1,3,1,1,2,True,True,False,False,True,False,False,False,False,False,False,False,Прикладная информатика
102,False,243.32507833380853,False,False,False,False,False,True,False,True,False,True,False,3,1,1,1,1,3,1,3,1,1,3,False,True,False,False,False,True,False,False,False,False,False,False,Программная инженерия
103,True,243.4593848394664,False,False,False,False,False,True,False,False,True,False,False,1,1,3,3,1,1,1,1,1,3,1,True,True,False,False,False,True,False,False,False,False,False,False,Прикладная информатика
104,False,243.03152096932192,False,False,False,False,False,False,False,False,False,True,False,2,2,2,2,1,2,2,1,2,2,2,False,False,False,False,False,False,False,False,False,False,True,False,Прикладная информатика
105,False,244.57018981438213,False,False,False,False,False,False,False,False,False,True,False,3,2,1,3,1,2,3,1,3,3,3,True,True,False,False,True,False,False,False,False,False,False,False,Программная инженерия
106,True,246.02457582367904,False,False,False,False,True,False,False,True,False,True,False,2,2,1,3,3,2,2,2,2,1,3,True,True,False,False,False,False,False,False,False,False,True,False,Программная инженерия
107,False,246.49296953180092,False,False,False,False,False,False,False,False,True,False,False,3,1,3,1,1,1,1,3,3,1,3,True,False,False,False,False,False,True,False,False,False,False,False,Информационная безопасность
108,False,246.9441338543772,True,False,True,False,True,False,False,False,False,False,False,2,2,1,1,1,2,3,2,2,1,3,True,True,False,False,False,False,False,False,False,True,False,False,Информатика и вычислительная техника
109,False,244.2633777279507,False,True,True,False,False,True,False,False,True,True,False,3,1,1,1,1,2,1,1,3,3,3,True,False,False,False,True,False,False,False,False,False,False,False,Информационные системы и технологии
110,True,248.26898602976402,True,True,False,False,True,False,False,False,False,False,False,3,2,1,3,1,2,2,2,3,3,3,True,True,False,False,False,False,True,False,False,False,False,False,Программная инженерия
111,False,242.2764367063204,False,False,False,False,False,False,False,False,True,False,False,1,1,3,1,1,2,1,1,1,2,1,False,False,False,False,False,False,False,False,False,False,False,True,Информационные системы и технологии
112,True,246.34165367995763,False,False,False,False,False,True,False,False,False,False,False,3,2,3,1,1,2,1,3,3,1,3,True,True,False,False,False,True,False,False,False,False,False,False,Программная инженерия
113,True,247.95819189146926,False,False,False,False,False,False,False,False,False,False,True,1,2,3,2,1,1,1,2,1,1,2,True,False,False,False,False,False,True,False,False,False,False,False,Информационная безопасность автоматизированных систем
114,True,247.60614653666275,True,False,False,True,False,True,True,True,False,False,False,2,2,2,2,1,2,2,3,3,1,1,True,True,False,False,False,True,False,False,False,False,False,False,Информатика и вычислительная техника
115,False,247.76174732712272,False,False,False,False,True,False,False,False,False,False,False,3,1,1,1,1,2,2,1,3,1,1,True,False,False,False,True,False,False,False,False,False,False,False,Информатика и вычислительная техника
116,False,248.93562807683097,True,False,False,False,False,True,False,False,True,False,False,1,1,3,1,1,3,1,2,1,2,1,True,True,False,True,False,False,False,False,False,False,False,False,Прикладная информатика
117,True,242.11996171954735,False,False,False,True,True,True,False,False,True,False,False,1,1,3,2,1,2,2,2,2,1,2,True,True,False,False,False,False,True,False,False,False,False,False,Информационная безопасность
118,True,244.79860810138297,False,False,False,True,False,True,False,False,False,True,False,3,2,1,1,1,1,2,3,3,1,2,True,True,False,False,False,False,False,False,False,False,True,False,Информатика и вычислительная техника
119,True,242.01522149912242,False,False,False,False,False,False,False,False,False,False,True,1,1,2,3,2,1,2,1,1,1,1,True,False,False,False,False,True,False,False,False,False,False,False,Биотехнические системы и технологии
120,True,245.49517887495253,False,False,False,True,False,False,False,False,False,True,False,1,1,2,2,2,1,1,1,1,1,1,True,False,False,False,False,False,False,False,False,False,True,False,Биотехнические системы и технологии
121,True,244.13074246473002,True,True,True,True,True,True,True,True,True,True,True,3,3,3,3,3,3,1,3,3,3,1,False,False,False,False,True,False,False,False,False,False,False,False,Биотехнические системы и технологии
122,True,247.69161841173516,False,False,False,False,False,False,False,True,False,True,False,3,1,1,1,1,1,1,3,2,2,1,True,True,False,False,True,False,False,False,False,False,False,False,Прикладная информатика
123,True,242.81625411714762,False,False,False,True,True,False,False,False,True,True,True,2,2,3,3,1,2,2,2,2,3,2,True,True,False,False,False,False,True,False,False,False,False,False,Информационная безопасность
124,False,247.89319992716577,False,False,False,False,False,False,False,False,False,True,False,1,1,3,1,3,1,2,1,1,2,1,True,False,False,False,False,True,False,False,False,False,False,False,Биотехнические системы и технологии
125,False,248.44113645470378,True,False,False,False,True,True,True,False,True,True,False,3,1,3,2,1,2,2,2,3,1,2,True,False,False,False,True,False,False,False,False,False,False,False,Прикладная информатика
126,True,247.61288495355294,False,False,False,False,True,True,False,False,False,False,False,2,2,2,1,1,3,2,3,2,2,2,True,False,False,False,False,True,False,False,False,False,False,False,Информатика и вычислительная техника
127,True,242.9814065831381,False,False,False,True,False,True,False,False,True,False,False,2,1,2,3,1,2,3,2,2,1,3,True,True,False,False,True,False,False,False,False,False,False,False,Информатика и вычислительная техника
128,True,244.79821534620055,False,True,False,False,False,True,False,False,False,False,True,1,1,1,3,2,1,1,2,1,1,3,True,False,False,False,False,False,False,False,False,False,True,False,Биотехнические системы и технологии
129,True,244.48213137003177,False,True,False,True,False,True,False,True,False,False,False,1,2,1,2,1,2,3,3,2,2,2,True,False,False,False,False,False,False,False,True,False,False,False,Информатика и вычислительная техника
130,True,242.08151312319345,False,False,True,False,False,False,False,False,False,True,False,1,1,1,1,1,1,1,1,1,3,1,True,True,True,False,False,False,False,False,False,False,False,False,Информатика и вычислительная техника
131,False,245.99746373845213,False,False,False,False,False,False,False,False,False,True,False,3,3,1,2,2,1,2,3,3,3,2,True,False,False,False,False,False,False,True,False,False,False,False,Биотехнические системы и технологии
132,False,245.2805809300128,True,True,False,False,False,False,False,False,False,False,False,2,1,1,1,1,1,1,2,2,1,1,True,True,False,False,True,False,False,False,False,False,False,False,Информатика и вычислительная техника
133,False,243.79289512634705,False,False,False,False,True,False,False,False,False,False,False,2,2,1,1,2,3,2,1,1,3,1,True,True,True,False,False,False,False,False,False,False,False,False,Информационная безопасность
134,False,245.1210098825531,False,False,False,False,True,False,False,False,False,True,False,2,2,3,3,1,2,2,2,2,1,3,True,True,False,False,False,False,False,False,False,False,True,False,Информационная безопасность
135,True,247.61285645798597,False,False,False,False,True,True,False,False,False,False,False,1,2,1,3,1,3,2,2,2,1,3,True,True,False,False,False,False,True,False,False,False,False,False,Информационная безопасность
136,True,247.1119951595266,False,False,False,True,False,True,False,False,True,False,False,3,1,2,3,1,2,3,3,3,1,2,True,True,False,False,False,False,False,True,False,False,False,False,Программная инженерия
137,True,248.81418571034865,True,False,False,False,False,True,False,True,False,False,False,2,3,2,2,3,3,1,2,1,1,2,True,False,False,False,False,False,True,False,False,False,False,False,Информационная безопасность
138,True,245.3604750182612,False,False,False,True,False,False,True,True,False,False,False,1,1,2,3,1,1,1,1,1,1,3,True,False,False,False,False,False,False,False,False,False,True,False,Программная инженерия
139,False,248.638435126145,False,False,False,False,False,False,False,False,False,False,True,3,1,3,2,1,3,1,1,1,3,1,True,True,False,True,False,False,False,False,False,False,False,False,Прикладная информатика
140,True,245.29780795099177,False,False,False,False,True,True,False,False,False,False,False,1,2,2,1,1,2,1,2,2,1,2,True,False,False,False,False,False,False,False,False,False,False,True,Прикладная информатика
141,True,242.1508577611744,True,True,False,False,True,False,False,False,True,False,False,3,1,1,2,1,2,3,3,3,3,1,True,True,False,False,True,False,False,False,False,False,False,False,Прикладная информатика
142,True,245.40608703839703,False,False,False,False,False,False,False,False,False,False,False,2,2,3,2,1,2,2,2,2,2,2,True,True,False,False,True,False,False,False,False,False,False,False,Программная инженерия
143,True,247.4863886541539,False,False,False,False,False,False,False,True,True,True,False,3,1,3,1,1,2,3,2,3,2,1,True,True,False,False,False,True,False,False,False,False,False,False,Прикладная информатика
144,False,245.76666262384813,False,False,False,False,False,False,False,False,False,True,False,2,2,1,1,1,3,3,1,3,1,2,True,True,False,True,False,False,False,False,False,False,False,False,Прикладная информатика
145,False,244.30817246501638,False,False,True,False,True,True,False,False,True,True,True,2,2,3,1,1,3,3,2,2,3,3,True,True,False,True,False,False,False,False,False,False,False,False,Прикладная информатика
146,False,248.19129114532834,False,False,True,False,True,False,False,False,False,True,False,2,1,3,1,1,3,2,1,1,2,1,True,True,False,False,True,False,False,False,False,False,False,False,Прикладная информатика
147,False,247.97093479121196,False,False,False,False,True,False,False,False,False,True,False,2,1,3,1,1,1,2,1,2,2,2,True,True,False,False,True,False,False,False,False,False,False,False,Прикладная информатика
148,True,243.77670841967324,True,True,True,False,False,True,False,False,True,False,False,1,3,3,2,1,2,1,3,2,1,3,True,True,False,False,False,False,False,False,False,False,False,True,Программная инженерия
149,True,245.6053097151893,True,True,False,False,True,False,False,False,True,False,False,2,2,3,2,1,3,2,2,2,3,1,True,True,False,True,False,False,False,False,False,False,False,False,Прикладная информатика
150,False,247.24350671563533,False,False,False,False,False,False,False,False,True,False,True,2,3,3,2,1,3,2,2,2,3,2,True,True,False,True,False,False,False,False,False,False,False,False,Прикладная информатика
151,False,246.67638249882543,False,False,False,False,False,False,False,False,False,False,False,2,2,1,1,1,3,2,1,2,1,2,True,True,False,True,False,False,False,False,False,False,False,False,Информационная безопасность
152,True,246.4732371011506,False,False,False,True,True,True,False,False,False,False,False,2,2,3,1,1,3,3,3,1,2,1,True,True,False,True,False,False,False,False,False,False,False,False,Прикладная информатика
153,True,246.80251785420356,False,False,False,False,False,False,False,False,False,True,False,1,1,1,3,1,2,2,2,3,1,1,True,True,False,False,False,False,False,False,False,False,True,False,Прикладная информатика
154,True,247.96358417494503,True,True,False,False,True,True,False,False,True,False,False,3,2,3,2,1,2,2,3,1,2,1,True,True,False,False,True,False,False,False,False,False,False,False,Прикладная информатика
155,False,246.63641463401646,False,False,False,False,False,True,False,False,True,True,False,3,1,3,1,1,3,1,3,1,1,1,True,False,False,False,True,False,False,False,False,False,False,False,Информатика и вычислительная техника
156,True,247.2739482206259,False,False,False,False,True,True,False,False,False,False,False,2,2,1,3,1,2,3,2,3,1,3,True,True,False,False,False,False,False,False,False,False,True,False,Информационные системы и технологии
157,True,244.43226023776148,True,False,False,True,False,False,False,False,True,True,False,3,1,3,2,1,1,3,2,3,1,2,True,True,False,False,False,False,False,False,False,False,True,False,Информационные системы и технологии
158,True,245.96256033738575,False,False,True,True,True,True,True,False,True,True,True,3,1,2,1,1,3,1,3,3,3,2,True,False,False,False,True,False,False,False,False,False,False,False,Информационные системы и технологии
159,False,247.25995172405953,False,False,False,False,True,False,False,False,False,True,False,3,1,1,1,1,1,2,3,3,1,1,True,True,False,False,True,False,False,False,False,False,False,False,Информатика и вычислительная техника
160,True,245.8672234977677,False,False,True,False,True,True,True,True,False,False,True,3,1,3,3,2,2,2,3,3,2,3,True,True,False,False,False,True,False,False,False,False,False,False,Информационные системы и технологии
161,True,247.3271903002953,False,False,False,True,True,True,False,False,False,False,False,2,2,1,3,1,2,3,3,3,2,3,True,True,False,False,False,False,False,False,False,False,True,False,Программная инженерия
162,True,245.23376518249202,False,False,False,False,True,False,False,False,False,True,False,1,1,2,2,1,3,2,3,3,2,3,True,False,False,False,False,False,False,False,False,True,False,False,Прикладная информатика
163,False,247.25982998845686,True,False,True,False,False,False,False,False,True,False,False,1,1,3,3,2,2,1,1,1,2,2,True,True,False,False,False,True,False,False,False,False,False,False,Биотехнические системы и технологии
164,False,247.40470445124214,False,False,False,False,False,False,False,False,False,True,False,2,1,2,1,1,2,2,2,2,1,2,True,True,False,False,False,False,False,False,False,False,True,False,Прикладная информатика
165,True,246.29112754855797,False,False,False,False,True,True,False,False,False,True,False,1,3,1,3,1,1,1,1,1,1,3,True,False,False,False,False,False,True,False,False,False,False,False,Прикладная информатика
166,True,245.55039238787285,False,False,False,False,True,True,False,False,True,False,False,2,1,2,2,1,1,2,2,2,1,2,True,True,False,False,False,False,False,False,False,False,True,False,Прикладная информатика
167,False,247.09761719831397,False,False,False,False,False,False,False,False,False,False,False,2,1,1,1,3,3,2,1,2,3,2,True,True,False,True,False,False,False,False,False,False,False,False,Прикладная информатика
168,False,247.1487830356051,False,True,True,False,True,True,False,False,False,False,False,2,2,1,1,3,2,3,2,2,3,3,True,True,False,False,False,False,True,False,False,False,False,False,Прикладная информатика
169,True,246.58827257237598,True,True,False,True,False,True,False,False,False,False,False,1,2,1,1,1,1,3,3,3,1,1,True,False,False,False,False,False,False,False,False,False,False,True,Программная инженерия
170,False,244.18919698936926,True,True,False,False,True,True,True,False,False,False,False,2,1,3,1,1,2,2,3,2,1,1,True,True,False,False,True,False,False,False,False,False,False,False,Программная инженерия
171,True,248.21637027292272,True,False,False,True,True,True,False,False,True,True,False,1,3,3,3,1,2,2,3,1,3,3,True,True,False,False,False,False,False,False,False,False,False,True,Управление в технических системах
172,False,247.8973941342747,False,False,False,False,True,False,False,False,True,True,False,1,1,3,2,1,1,1,1,1,2,1,True,True,False,False,False,False,False,False,False,False,True,False,Информатика и вычислительная техника
173,False,243.64787834523824,True,True,True,False,False,True,False,False,True,False,True,1,1,2,1,1,1,1,3,2,1,1,True,False,False,False,False,True,False,False,False,False,False,False,Информатика и вычислительная техника
174,True,244.25237876037798,True,False,False,False,True,True,False,False,False,True,False,3,3,1,2,1,3,2,3,3,2,3,True,True,False,False,False,False,True,False,False,False,False,False,Информационная безопасность
175,False,244.65277345276368,False,False,False,False,False,False,False,False,False,True,False,3,2,3,1,2,2,2,2,2,1,2,True,True,False,False,False,False,False,True,False,False,False,False,Программная инженерия
176,False,243.71785414314928,True,True,True,False,False,False,False,False,True,True,False,2,1,3,1,1,1,3,1,1,1,3,True,True,False,False,False,False,False,False,False,False,True,False,Программная инженерия
177,True,245.98527148606908,True,True,False,False,True,True,False,False,False,False,False,3,1,3,3,1,1,1,3,3,1,1,True,False,False,False,True,False,False,False,False,False,False,False,Информационные системы и технологии
178,True,247.96828848989432,False,False,False,False,True,True,False,False,True,False,False,2,2,2,3,1,1,3,3,3,1,3,True,False,False,False,False,False,True,False,False,False,False,False,Информационная безопасность
179,True,243.81260305765954,True,True,False,True,True,True,False,False,True,False,False,1,3,3,3,1,3,1,2,2,1,3,True,False,False,False,False,True,False,False,False,False,False,False,Информационные системы и технологии
180,False,248.78423070140786,True,True,True,False,False,True,False,False,True,True,True,1,2,3,3,1,3,2,3,3,1,3,True,True,False,False,False,False,False,False,False,False,False,True,Управление в технических системах
181,True,246.6757781745951,True,True,False,True,False,True,True,True,True,False,False,2,3,1,3,1,3,3,3,3,1,1,True,False,False,False,True,False,False,False,False,False,False,False,Информационная безопасность
182,True,249.3443723765105,False,False,False,True,False,True,False,False,False,False,False,1,1,1,2,1,1,1,1,1,1,1,False,False,False,False,False,False,False,False,False,False,True,False,Прикладная информатика
183,True,246.25277248837216,False,False,False,False,True,False,False,False,True,False,False,2,2,3,2,1,2,2,2,2,2,2,True,False,False,False,False,False,True,False,False,False,False,False,Приборостроение
184,True,246.94052730391465,True,False,False,False,True,False,False,False,False,False,False,3,2,1,1,1,3,3,1,2,3,2,False,False,False,False,False,False,False,False,False,True,False,False,Приборостроение
185,True,246.74298877009025,True,False,True,False,True,False,False,False,True,True,False,2,2,2,2,1,1,3,2,3,1,2,True,True,False,False,False,False,False,False,False,False,True,False,Управление в технических системах
186,True,245.49001118889512,False,False,False,False,False,False,False,True,False,True,False,1,1,1,2,2,1,1,1,1,1,2,True,False,True,False,False,False,False,False,False,False,False,False,Приборостроение
187,True,247.05561617825092,True,False,True,False,True,False,False,False,True,False,False,2,2,2,3,1,2,2,2,2,3,3,True,True,False,True,False,False,False,False,False,False,False,False,Приборостроение
188,True,212.82629792095946,False,False,False,False,True,False,False,False,False,False,False,1,1,1,3,1,1,1,1,1,2,1,True,False,False,False,True,False,False,False,False,False,False,False,Приборостроение
189,False,218.44096329702987,False,False,False,False,False,False,False,False,False,False,False,3,1,1,1,1,2,2,2,3,2,1,True,True,False,False,True,False,False,False,False,False,False,False,Программная инженерия
190,True,215.17181465698548,True,True,False,True,True,True,False,False,True,True,False,2,3,3,3,1,3,1,2,2,1,3,True,True,False,True,False,False,False,False,False,False,False,False,Управление в технических системах
191,False,219.02025989576623,False,True,True,True,False,False,False,True,False,True,False,3,3,3,3,3,1,2,3,3,1,1,True,True,False,False,False,True,False,False,False,False,False,False,Приборостроение
192,True,217.6067956415971,False,False,False,True,False,True,False,True,False,True,False,3,2,1,1,3,2,3,2,2,1,1,True,True,False,False,False,False,False,False,False,False,True,False,Информатика и вычислительная техника
193,True,217.9863345567932,False,True,False,False,False,True,False,False,True,False,False,2,2,3,2,1,1,3,3,3,1,3,True,True,False,False,False,False,False,False,False,False,False,True,Программная инженерия
194,True,215.9092743958862,True,True,False,False,True,True,True,True,True,False,False,1,1,1,3,3,2,2,2,3,1,2,True,True,False,False,False,False,False,False,False,False,True,False,Биотехнические системы и технологии
195,True,216.51254476679236,False,False,False,False,False,False,False,True,True,False,True,2,2,3,3,1,3,2,3,2,2,1,True,True,False,False,False,False,False,False,False,False,False,True,Биотехнические системы и технологии
196,True,213.93677682252005,False,False,False,False,False,False,False,False,False,False,False,1,1,2,2,2,2,2,2,2,2,1,True,True,False,False,False,False,False,False,False,False,False,True,Биотехнические системы и технологии
197,True,212.72279236993148,True,False,True,True,True,True,True,True,True,True,False,3,2,3,3,3,2,3,3,3,2,3,True,True,False,False,False,True,False,False,False,False,False,False,Биотехнические системы и технологии
198,False,216.3606405355857,True,False,False,False,False,False,False,False,False,True,False,1,1,3,1,3,3,1,1,1,1,3,True,True,False,True,False,False,False,False,False,False,False,False,Биотехнические системы и технологии
199,True,219.99864398044008,False,False,False,False,False,False,False,False,False,True,False,1,1,3,1,1,1,3,1,1,3,3,True,True,False,False,False,False,True,False,False,False,False,False,Биотехнические системы и технологии
200,True,220.2077938744805,False,True,False,False,True,True,False,False,False,True,False,2,1,1,3,2,3,3,2,2,1,3,True,True,False,False,False,False,True,False,False,False,False,False,Биотехнические системы и технологии
201,False,210.8650955067645,False,False,True,False,False,False,False,False,False,False,True,2,2,3,2,3,2,2,2,2,1,1,True,True,False,False,False,True,False,False,False,False,False,False,Биотехнические системы и технологии
202,True,219.65639549484501,True,True,False,True,True,True,False,False,False,True,False,3,1,1,2,1,1,3,3,3,1,3,True,True,False,False,False,False,False,False,False,False,True,False,Информатика и вычислительная техника
203,True,217.67674032121317,False,False,False,False,True,False,False,False,False,False,False,3,1,1,3,1,2,2,2,2,3,3,True,False,False,False,False,False,False,True,False,False,False,False,Информатика и вычислительная техника
204,False,215.92810049608633,False,False,False,False,True,False,False,True,True,True,False,2,1,3,1,3,2,3,2,1,2,1,True,True,False,False,False,False,False,False,False,False,True,False,Информатика и вычислительная техника
205,False,215.21421775857934,False,False,False,False,True,False,False,False,True,True,False,3,1,3,2,2,3,3,2,2,1,3,True,True,False,False,False,False,True,False,False,False,False,False,Информационная безопасность автоматизированных систем
206,True,215.87551224190324,False,False,False,False,False,True,False,False,True,True,False,2,2,3,3,1,2,3,2,2,1,2,True,True,False,False,False,False,False,False,False,False,True,False,Информатика и вычислительная техника
207,False,216.304304186943,False,True,False,True,False,False,False,False,False,True,False,2,2,1,1,3,2,3,2,2,2,1,True,False,False,False,False,False,False,False,False,False,True,False,Биотехнические системы и технологии
208,False,216.83472970414485,False,True,False,False,False,True,False,False,False,True,False,3,2,3,1,2,2,1,3,3,1,3,True,True,False,False,False,False,True,False,False,False,False,False,Информационная безопасность
209,True,214.4719751361394,False,False,False,False,False,True,False,False,False,False,False,3,1,1,2,1,1,1,2,3,1,1,True,True,False,False,True,False,False,False,False,False,False,False,Программная инженерия
210,False,218.6861755278025,True,True,True,False,False,True,True,False,False,True,False,2,2,2,3,2,2,2,2,2,2,2,True,True,False,False,False,False,False,False,False,False,True,False,Информационная безопасность автоматизированных систем
211,True,214.0305584624662,False,False,False,False,True,False,False,False,True,False,False,2,1,1,2,1,1,2,2,2,2,2,True,True,False,False,False,False,False,False,False,False,True,False,Информатика и вычислительная техника
212,True,213.80150151555563,True,True,False,False,True,True,False,False,True,False,False,2,1,3,1,1,2,2,2,2,2,2,True,True,False,False,False,False,False,False,False,False,True,False,Программная инженерия
213,True,214.06014144526617,False,False,False,False,True,True,False,False,False,False,False,2,2,2,2,2,2,2,2,2,2,2,True,True,False,False,True,False,False,False,False,False,False,False,Программная инженерия
214,True,217.10564764505406,True,False,True,False,True,False,False,False,True,False,False,2,2,3,3,1,2,2,2,2,3,3,True,True,False,False,False,True,False,False,False,False,False,False,Программная инженерия
215,True,216.66134070302527,False,True,False,False,True,False,False,False,False,False,False,1,2,2,3,1,3,1,3,1,2,2,True,True,False,False,False,False,True,False,False,False,False,False,Информационная безопасность
216,True,213.96561579787027,False,False,False,False,True,False,False,False,False,False,False,3,1,3,3,1,3,2,1,3,3,3,True,True,False,False,False,False,True,False,False,False,False,False,Информационная безопасность автоматизированных систем
217,False,215.57115350468447,True,False,True,False,False,False,False,False,True,True,True,1,1,3,2,1,3,1,1,1,3,1,True,True,False,False,False,False,True,False,False,False,False,False,Информационная безопасность автоматизированных систем
218,True,218.5030645141661,True,False,True,True,False,True,False,False,False,True,False,3,2,2,3,1,1,3,3,3,1,2,True,False,False,False,False,False,False,False,False,False,True,False,Информатика и вычислительная техника
219,True,217.23360874901388,False,False,False,False,True,False,False,False,True,False,False,1,2,3,3,2,2,2,2,2,1,2,True,True,False,False,False,False,False,False,False,False,True,False,Информатика и вычислительная техника
220,True,216.2523821784015,False,False,False,False,False,False,False,False,False,True,False,2,2,2,2,1,2,2,2,2,2,2,True,True,False,False,False,False,True,False,False,False,False,False,Информационная безопасность автоматизированных систем
221,True,216.08189331655205,False,False,False,False,True,True,False,False,False,False,False,3,2,2,3,1,2,2,2,2,1,3,True,False,False,False,False,False,True,False,False,False,False,False,Информационная безопасность автоматизированных систем
222,True,218.22155460141948,False,False,False,False,False,False,False,False,False,True,False,1,1,1,2,1,1,1,1,1,1,1,True,True,False,False,False,False,False,False,False,False,True,False,Информационная безопасность
223,True,217.707747561247,False,True,False,False,True,True,False,False,False,False,False,1,2,2,2,1,2,1,2,3,1,3,True,True,False,False,False,False,False,False,False,False,False,True,Информационная безопасность автоматизированных систем
224,False,216.2447103434978,False,True,True,False,False,False,False,False,False,True,False,2,2,2,1,1,2,1,1,1,1,2,True,True,False,False,False,False,True,False,False,False,False,False,Информационная безопасность автоматизированных систем
225,True,213.10746754507724,True,False,False,False,False,True,False,False,True,True,False,3,1,2,1,1,2,2,2,2,3,3,True,False,False,False,False,False,False,False,True,False,False,False,Информационная безопасность автоматизированных систем
226,False,213.08057680453715,True,False,False,False,True,False,False,False,False,False,True,2,2,3,2,1,2,2,2,2,2,3,True,True,False,False,False,False,True,False,False,False,False,False,Информационная безопасность
227,True,220.7896955068045,False,False,False,False,True,False,False,False,True,True,True,2,3,3,3,1,1,1,3,2,2,3,True,True,False,False,False,False,True,False,False,False,False,False,Информационная безопасность
228,True,211.0182838424188,True,False,True,True,True,True,False,False,False,False,False,3,1,2,2,1,1,1,3,3,2,2,True,True,False,False,False,False,False,False,False,False,False,True,Информатика и вычислительная техника
229,False,214.22894883787174,True,True,True,False,False,True,False,False,False,False,False,3,2,3,2,1,3,3,3,2,3,2,True,True,False,False,False,False,False,True,False,False,False,False,Информатика и вычислительная техника
230,False,211.699786022047,False,False,False,False,False,False,False,False,False,True,False,2,1,3,1,1,3,1,1,2,2,1,True,True,False,True,False,False,False,False,False,False,False,False,Информатика и вычислительная техника
231,True,214.29717381741094,False,False,False,True,False,True,False,False,False,True,False,3,1,1,1,1,1,3,1,3,1,3,True,False,False,False,False,False,False,False,False,False,True,False,Информатика и вычислительная техника
232,False,215.46668540546472,False,False,False,False,True,True,False,False,False,False,False,3,1,2,1,3,2,3,2,3,1,3,True,True,False,False,True,False,False,False,False,False,False,False,Биотехнические системы и технологии
233,True,215.96920536980457,True,False,False,True,False,True,False,False,True,False,False,1,1,3,2,1,2,2,3,3,1,1,True,True,False,False,False,False,False,False,False,False,True,False,Информатика и вычислительная техника
234,True,216.98158206163728,False,False,False,False,True,False,False,False,False,False,False,1,1,3,3,1,2,2,3,1,3,1,True,True,False,False,False,False,False,False,False,False,False,True,Управление в технических системах
235,True,213.93398727825934,False,False,False,False,True,False,False,False,False,True,False,2,3,3,3,1,2,2,2,2,2,2,True,True,False,False,False,False,False,False,False,False,False,True,Управление в технических системах
236,True,218.72587240728,False,False,False,False,False,False,False,False,False,True,False,2,2,3,3,1,2,2,2,3,2,1,True,True,False,False,False,False,False,False,False,False,False,True,Управление в технических системах
237,True,210.60734963383277,True,True,False,True,True,False,False,True,False,True,False,3,2,2,3,1,2,2,2,2,1,2,True,True,False,False,False,True,False,False,False,False,False,False,Управление в технических системах
238,False,214.42670514477797,False,False,False,True,False,False,False,False,False,True,False,2,3,2,1,1,2,3,1,1,1,3,True,True,False,False,False,False,False,False,False,False,True,False,Управление в технических системах
239,True,213.95693485196514,True,False,False,True,True,True,False,False,False,False,False,3,2,2,3,1,3,3,3,3,1,2,True,True,False,False,False,True,False,False,False,False,False,False,Управление в технических системах
240,True,213.48661513541592,False,False,True,False,True,False,False,False,False,True,False,1,1,3,3,1,3,1,1,1,1,1,True,True,False,False,False,False,False,False,False,False,False,True,Управление в технических системах
241,True,216.17016011605122,True,True,True,False,True,True,False,False,True,False,False,1,2,2,3,1,1,1,1,1,1,3,True,True,False,False,False,False,True,False,False,False,False,False,Информационная безопасность автоматизированных систем
242,True,215.95816428324997,True,False,True,False,True,False,False,False,False,True,False,3,2,3,3,1,2,2,2,2,1,3,True,True,False,False,False,False,False,False,True,False,False,False,Программная инженерия
243,True,216.36424824247086,True,True,False,False,True,True,False,False,False,False,False,2,1,1,1,1,2,2,2,1,2,2,False,False,False,False,False,False,False,False,False,False,False,True,Управление в технических системах
244,True,219.79062654172907,False,True,False,False,True,True,False,False,False,False,False,2,3,3,3,2,2,2,2,2,1,3,True,True,False,False,False,False,True,False,False,False,False,False,Информационная безопасность автоматизированных систем
245,True,215.9488018675011,False,False,False,True,True,False,False,False,False,False,False,2,1,1,3,1,2,2,1,2,2,2,True,True,False,False,False,False,False,False,False,False,True,False,Информационные системы и технологии
246,False,217.08369053983142,False,False,False,True,False,True,False,True,True,True,True,1,1,3,2,1,3,2,2,2,3,2,True,True,False,False,False,False,False,False,False,False,False,True,Информационные системы и технологии
247,False,212.9331379939102,True,True,True,False,False,True,False,False,False,False,False,3,1,2,1,1,2,1,3,2,1,2,True,False,False,False,True,False,False,False,False,False,False,False,Информатика и вычислительная техника
248,False,212.92381483126204,False,False,False,False,False,False,False,False,False,False,False,3,1,3,1,1,2,2,3,2,1,2,True,True,False,False,False,False,False,False,False,False,False,True,Программная инженерия
249,True,215.87616431127702,True,False,True,True,True,True,False,False,True,False,False,3,1,2,2,1,2,2,3,3,1,2,True,True,False,False,False,False,False,False,False,False,True,False,Информатика и вычислительная техника
250,True,212.63155691894528,True,False,True,False,True,False,False,False,False,False,False,2,1,3,2,1,2,2,2,1,3,3,True,True,False,False,False,False,True,False,False,False,False,False,Информационная безопасность автоматизированных систем
251,True,214.1759534048702,True,True,True,False,False,True,False,False,False,False,False,1,3,1,3,1,1,3,2,1,1,1,True,True,False,False,False,False,False,False,False,False,False,True,Информатика и вычислительная техника
252,True,213.76483700539453,False,True,False,False,False,True,False,False,False,False,False,3,1,2,3,1,2,2,3,3,2,2,True,False,False,False,False,False,False,False,False,False,False,True,Информационная безопасность
253,True,215.99175055790786,False,False,False,False,True,True,False,False,False,False,False,2,1,2,1,1,2,2,3,1,1,3,True,False,False,False,False,False,False,False,False,False,False,True,Информатика и вычислительная техника
254,True,215.04775689510768,False,False,False,False,True,False,False,False,False,False,False,1,1,1,1,1,1,1,1,1,1,1,False,False,False,False,False,False,False,False,False,False,True,False,Информатика и вычислительная техника
255,True,209.27722938179267,False,False,False,False,True,False,False,False,True,True,False,3,1,3,3,1,3,1,1,1,1,3,True,True,False,False,False,False,True,False,False,False,False,False,Информационная безопасность автоматизированных систем
256,False,216.2535037672018,False,False,False,False,False,False,False,False,False,True,False,2,1,2,2,1,1,1,1,1,1,2,True,True,False,False,False,False,False,False,False,False,True,False,Информатика и вычислительная техника
257,True,215.59763834993282,True,True,False,False,False,False,False,False,False,True,False,2,1,2,2,2,2,2,2,2,2,2,True,True,False,False,False,True,False,False,False,False,False,False,Информационная безопасность
258,False,208.8892398640339,False,False,True,False,True,False,False,False,False,True,False,2,1,2,1,1,1,3,1,1,2,1,True,True,False,False,True,False,False,False,False,False,False,False,Приборостроение
259,True,215.9464804573212,False,True,False,False,True,True,False,False,False,False,False,1,1,2,2,1,2,2,3,3,1,2,True,True,False,False,False,False,True,False,False,False,False,False,Информационная безопасность
260,True,216.94456894490037,False,False,False,False,False,False,False,False,False,False,False,1,3,2,3,3,1,1,2,1,2,1,True,False,False,False,False,False,False,False,True,False,False,False,Программная инженерия
261,True,213.81531546674154,False,False,False,False,True,True,False,False,False,False,False,2,3,3,3,1,2,1,3,3,2,1,True,True,False,False,False,False,False,False,False,False,False,True,Приборостроение
262,True,216.74722072442876,False,False,False,False,True,True,False,False,False,True,True,2,1,1,3,1,2,2,3,2,3,2,True,True,False,False,False,False,False,False,False,False,False,True,Информатика и вычислительная техника
263,True,216.9587971892689,False,False,False,False,True,True,False,False,False,False,False,1,1,2,1,1,3,2,2,2,2,2,True,True,False,False,False,False,True,False,False,False,False,False,Информационная безопасность автоматизированных систем
264,True,216.00154582156912,False,False,False,False,True,True,False,False,False,False,False,1,1,1,1,1,2,1,2,3,1,3,True,True,False,False,False,False,False,False,False,False,False,True,Информатика и вычислительная техника
265,False,216.26035325586204,False,False,False,False,True,True,False,False,False,False,False,2,2,3,1,1,2,1,2,2,1,2,True,True,False,False,True,False,False,False,False,False,False,False,Управление в технических системах
266,True,219.78845611514691,False,False,False,False,True,False,False,False,True,False,False,2,1,3,1,1,3,2,2,2,1,1,True,True,False,False,False,False,False,False,False,False,True,False,Программная инженерия
267,True,217.67504663550977,False,False,False,False,True,False,False,False,False,False,False,2,2,1,3,2,2,1,3,3,1,1,True,True,True,False,False,False,False,False,False,False,False,False,Информационная безопасность автоматизированных систем
268,True,218.51926885330582,False,False,False,False,False,False,False,False,False,True,False,2,2,3,3,1,1,2,2,2,2,2,True,True,False,False,False,False,False,False,False,False,True,False,Информационная безопасность автоматизированных систем
269,True,211.57694954333505,True,False,True,False,True,False,False,False,False,False,False,1,2,1,2,1,2,2,2,2,2,2,True,True,False,False,False,False,True,False,False,False,False,False,Информационная безопасность
270,True,215.0201812575034,False,False,False,False,True,True,False,False,False,False,False,1,1,3,3,1,1,1,2,1,2,1,True,True,False,False,False,False,False,False,False,False,True,False,Информационная безопасность автоматизированных систем
271,False,217.28332771008579,True,False,False,False,True,False,False,False,False,True,False,1,1,3,3,1,1,1,1,1,1,3,True,False,False,False,False,False,True,False,False,False,False,False,Информационная безопасность
272,True,214.74134142045258,False,False,False,False,False,True,False,False,True,False,False,3,1,2,1,1,2,3,3,3,1,3,True,True,False,False,False,False,True,False,False,False,False,False,Приборостроение
273,True,217.86677264448213,False,True,False,False,True,True,True,False,False,False,False,2,3,2,3,1,2,2,2,2,3,2,True,True,False,False,False,False,True,False,False,False,False,False,Информационные системы и технологии
274,False,215.43571154131917,True,True,True,False,False,True,False,False,True,True,True,1,1,3,1,1,2,1,1,1,2,1,True,True,False,False,False,False,True,False,False,False,False,False,Информационная безопасность автоматизированных систем
275,True,215.1168871486898,False,False,False,False,True,True,True,False,False,True,False,3,1,1,2,1,2,1,2,2,1,3,True,False,False,False,False,False,True,False,False,False,False,False,Информационная безопасность
276,True,216.27285302793896,False,True,False,False,False,True,False,False,False,False,False,1,3,1,3,1,1,1,3,1,1,3,True,False,False,False,False,False,False,False,False,False,True,False,Информационная безопасность
277,True,216.99416941930406,False,False,False,True,False,True,True,False,False,False,False,1,2,2,3,1,2,2,2,2,1,3,True,False,False,False,False,False,False,False,False,False,True,False,Информационная безопасность
278,True,211.26313357610871,False,True,False,False,False,True,False,False,True,False,False,2,2,2,2,2,2,2,2,2,2,2,True,True,False,False,False,False,True,False,False,False,False,False,Информационная безопасность
279,True,210.67294715345076,False,False,False,False,False,False,False,False,False,False,False,2,2,2,2,1,2,2,2,2,1,3,True,False,False,False,False,False,True,False,False,False,False,False,Информационная безопасность
280,False,216.38411108848302,False,False,False,False,False,False,False,False,False,True,False,2,2,2,2,1,2,2,2,2,2,3,True,True,False,True,False,False,False,False,False,False,False,False,Прикладная информатика
281,False,218.89278123309694,False,False,False,False,False,False,False,False,False,True,False,2,2,3,1,1,3,1,2,2,2,3,True,True,False,False,True,False,False,False,False,False,False,False,Управление в технических системах
282,True,216.86037417679927,False,True,False,False,True,True,False,False,False,False,False,2,2,3,3,1,2,2,2,2,2,2,True,True,False,False,False,False,False,True,False,False,False,False,Управление в технических системах
283,False,210.3411659606984,False,False,False,False,True,False,False,False,False,True,False,2,1,2,1,2,2,1,1,1,2,1,True,True,False,True,False,False,False,False,False,False,False,False,Информационная безопасность
284,True,216.99930126932196,False,False,False,False,True,False,False,False,False,False,False,2,2,3,3,3,1,2,2,2,2,2,True,True,False,False,False,False,True,False,False,False,False,False,Информационная безопасность
285,True,215.4254472682839,False,False,False,True,True,False,False,False,False,False,False,1,1,3,3,1,1,1,1,1,1,1,True,True,False,False,False,False,False,False,False,False,True,False,Информационная безопасность
286,True,216.1424512569418,False,False,False,False,False,False,False,False,False,False,False,2,1,2,3,1,3,2,2,1,1,1,True,True,False,False,False,False,False,False,True,False,False,False,Информатика и вычислительная техника
287,False,214.31076667215183,False,False,False,False,True,False,False,False,True,False,False,2,1,3,1,1,3,1,3,2,1,1,True,True,False,True,False,False,False,False,False,False,False,False,Информационная безопасность автоматизированных систем
288,True,212.64853245254344,False,False,False,False,False,False,False,False,False,False,False,2,2,1,3,1,2,2,1,2,1,2,True,True,False,False,False,False,False,False,False,False,True,False,Прикладная информатика
289,True,215.77150833227572,True,False,False,False,True,False,False,False,False,False,False,2,2,2,1,1,3,1,1,2,3,1,False,False,False,True,False,False,False,False,False,False,False,False,Информатика и вычислительная техника
290,True,213.62561221692206,False,True,False,True,False,True,False,True,False,True,False,3,1,1,3,1,2,2,3,2,2,2,True,False,False,False,True,False,False,False,False,False,False,False,Прикладная информатика
291,True,217.13178724249127,False,False,True,False,True,False,False,False,False,False,False,2,1,3,2,2,2,2,2,2,2,2,True,True,False,False,False,True,False,False,False,False,False,False,Информационная безопасность
292,False,214.83625708360702,False,False,False,False,False,True,False,False,False,False,True,2,3,2,3,1,3,1,2,2,1,3,True,True,False,False,False,False,True,False,False,False,False,False,Информационная безопасность автоматизированных систем
293,True,214.8937543627471,False,False,False,False,False,True,False,False,True,False,False,1,3,2,3,1,2,1,2,1,2,3,True,True,False,False,False,False,True,False,False,False,False,False,Информационная безопасность автоматизированных систем
294,False,215.06667780327328,False,False,False,False,True,False,False,False,False,True,False,2,2,3,1,1,3,1,1,1,2,2,True,True,True,False,False,False,False,False,False,False,False,False,Управление в технических системах
295,True,217.77382365880368,False,False,False,False,True,False,False,False,False,False,False,3,2,1,3,1,3,2,3,3,3,2,True,True,False,False,True,False,False,False,False,False,False,False,Прикладная информатика
296,True,213.0333969572329,False,False,False,False,False,True,False,False,False,False,False,3,3,1,3,1,3,1,3,1,3,3,False,False,False,False,True,False,False,False,False,False,False,False,Биотехнические системы и технологии
297,True,214.08580599084317,False,True,False,False,True,True,False,False,False,False,False,2,2,1,2,1,1,3,2,2,1,2,True,True,False,False,False,False,False,False,False,False,True,False,Информационная безопасность автоматизированных систем
298,True,213.30039023337932,False,False,False,False,True,False,False,False,False,True,False,3,1,3,3,3,1,1,3,1,1,1,True,False,False,False,False,True,False,False,False,False,False,False,Программная инженерия
299,True,217.332961719512,False,False,False,False,True,False,False,False,False,False,False,2,1,1,3,1,1,1,2,2,1,3,True,True,False,False,False,False,False,False,False,False,True,False,Программная инженерия
300,False,214.03083977942325,True,False,False,False,False,True,False,True,True,False,False,3,1,3,1,1,1,1,1,1,1,3,True,False,False,False,False,False,True,False,False,False,False,False,Информационная безопасность
301,True,219.24171662074158,False,True,True,False,True,True,True,False,False,False,False,2,3,3,3,1,2,2,3,1,2,3,True,True,False,False,False,False,True,False,False,False,False,False,Информационная безопасность
302,True,212.2897162113088,False,False,False,False,False,False,False,False,False,False,False,2,2,3,2,1,2,2,2,2,2,2,True,True,False,False,False,False,False,False,False,False,False,True,Прикладная информатика
303,True,216.45842458911903,True,True,False,False,True,True,False,False,True,False,False,2,1,3,2,1,3,3,1,2,1,2,True,True,False,False,False,False,True,False,False,False,False,False,Информационная безопасность
304,True,213.21897508388898,False,True,False,False,True,True,False,False,False,False,False,3,1,1,2,1,2,1,3,2,2,2,True,True,False,False,True,False,False,False,False,False,False,False,Информационная безопасность автоматизированных систем
305,True,213.56927434698423,True,True,False,False,False,True,False,False,False,False,False,3,1,2,3,1,2,2,3,2,1,1,True,False,False,False,True,False,False,False,False,False,False,False,Прикладная информатика
306,True,211.8398453291833,False,False,False,False,True,False,False,False,False,True,False,2,2,1,1,1,2,3,3,2,3,1,False,False,False,False,False,True,False,False,False,False,False,False,Прикладная информатика
307,True,276.5018584958357,False,False,True,False,True,False,False,False,False,False,False,2,3,1,2,1,1,2,2,2,1,1,True,True,False,False,False,False,False,False,False,False,False,True,Управление в технических системах
308,True,277.35536052308055,False,False,False,False,False,True,False,False,False,False,False,2,3,2,3,1,1,1,3,2,1,1,True,True,False,False,False,False,False,False,False,False,False,True,Управление в технических системах
309,True,273.0558295171219,False,False,False,False,True,False,False,True,False,True,False,2,1,2,2,1,3,2,1,2,3,1,True,False,False,True,False,False,False,False,False,False,False,False,Прикладная информатика
310,True,275.6983718564368,False,False,False,True,False,True,False,True,False,False,False,3,2,2,3,1,3,2,3,3,2,2,True,True,False,False,False,False,False,False,False,False,False,True,Информационная безопасность
311,False,270.2185341949669,False,False,False,False,True,True,False,False,False,True,False,2,2,2,2,1,2,2,2,2,2,3,False,True,False,False,False,False,True,False,False,False,False,False,Прикладная информатика
312,True,271.8290056264373,True,True,False,False,False,True,False,False,False,True,False,3,2,1,3,1,1,3,1,3,1,1,True,False,False,False,True,False,False,False,False,False,False,False,Приборостроение
313,False,271.7205587491789,False,False,False,False,True,False,False,False,False,True,False,3,1,3,1,1,3,1,1,3,1,1,True,False,False,False,True,False,False,False,False,False,False,False,Информатика и вычислительная техника
314,False,272.1076219631001,False,False,True,False,True,False,False,False,True,False,True,2,1,2,2,2,2,2,1,1,3,1,False,True,False,False,True,False,False,False,False,False,False,False,Информатика и вычислительная техника
315,False,278.4340651852576,False,False,False,False,True,False,False,False,False,True,False,2,1,1,1,1,1,3,1,2,2,2,True,True,False,False,False,False,False,False,False,True,False,False,Информатика и вычислительная техника
316,False,267.1682328295758,False,False,False,False,True,False,False,False,False,False,False,3,3,1,1,1,2,2,1,3,1,3,True,False,False,False,True,False,False,False,False,False,False,False,Информатика и вычислительная техника
317,False,276.6199293954189,False,False,False,False,False,False,False,False,False,True,False,3,1,1,1,1,1,1,1,1,1,1,True,True,False,False,True,False,False,False,False,False,False,False,Информационные системы и технологии
318,False,275.47138106430145,False,False,False,False,True,True,False,False,False,True,False,3,2,1,2,1,3,3,2,3,3,2,True,True,False,False,True,False,False,False,False,False,False,False,Информатика и вычислительная техника
319,True,274.9252521958585,False,False,False,False,True,True,False,True,False,True,False,2,1,3,1,2,3,1,2,2,3,1,True,True,False,False,False,True,False,False,False,False,False,False,Приборостроение
320,True,274.12799014503884,False,False,False,False,True,True,False,False,False,False,False,3,1,1,3,1,2,2,2,3,2,3,True,False,True,False,False,False,False,False,False,False,False,False,Прикладная информатика
321,True,277.0353493794101,False,True,False,False,False,True,False,True,False,False,True,3,1,1,2,1,1,1,3,1,2,2,True,False,False,False,False,False,False,False,False,False,False,True,Информатика и вычислительная техника
322,True,271.8252241932519,True,True,True,False,False,False,False,False,False,True,False,3,2,2,1,1,1,2,2,2,1,2,True,False,False,False,True,False,False,False,False,False,False,False,Информатика и вычислительная техника
323,False,275.5684890886951,False,False,False,False,False,False,False,False,False,True,False,2,1,1,1,1,2,3,1,2,1,1,True,True,False,False,False,False,False,False,False,True,False,False,Информатика и вычислительная техника
324,True,279.6459043127848,True,False,True,False,True,True,False,True,True,False,False,2,1,3,2,1,3,3,3,3,3,1,True,True,False,False,False,False,False,False,False,False,False,True,Управление в технических системах
325,True,276.53887790404815,False,False,True,True,False,True,True,True,False,True,True,1,2,1,3,3,2,2,2,1,3,1,True,False,False,False,False,True,False,False,False,False,False,False,Биотехнические системы и технологии
326,True,276.00752463512976,False,False,False,True,False,True,False,False,True,False,False,2,2,2,3,1,2,2,3,2,1,3,True,False,False,False,False,False,True,False,False,False,False,False,Информатика и вычислительная техника
327,False,272.28923101799904,False,False,False,False,False,False,False,False,False,False,False,2,2,3,2,1,2,2,2,2,2,2,True,True,False,False,False,False,False,False,False,False,True,False,Информатика и вычислительная техника
328,True,273.394151266882,False,False,False,False,False,False,False,False,False,False,False,1,1,1,1,1,1,1,1,1,1,1,True,False,False,False,False,True,False,False,False,False,False,False,Биотехнические системы и технологии
329,True,278.11362805565034,False,True,False,False,False,True,False,False,False,False,False,2,3,2,3,1,2,3,2,2,1,2,True,True,False,False,False,False,False,False,False,False,True,False,Информатика и вычислительная техника
330,True,271.43629698310286,False,False,False,False,False,False,False,False,False,False,False,3,1,2,2,1,1,1,1,3,1,2,True,True,False,False,True,False,False,False,False,False,False,False,Информатика и вычислительная техника
331,False,276.73284922315383,False,False,False,False,False,False,True,False,True,False,False,2,2,3,2,2,2,1,1,1,3,3,True,True,False,False,False,False,False,False,False,False,True,False,Биотехнические системы и технологии
332,True,268.53234717099076,False,False,False,False,False,False,False,False,False,False,False,1,2,1,3,1,2,2,2,2,1,2,True,True,False,False,False,False,False,False,False,False,False,True,Информатика и вычислительная техника
333,False,275.67083189827304,False,True,False,False,False,False,False,False,False,True,False,2,1,2,2,2,2,2,2,2,3,3,True,True,True,False,False,False,False,False,False,False,False,False,Биотехнические системы и технологии
334,True,278.26243304655554,False,False,False,False,False,False,False,False,True,False,False,2,2,3,3,1,1,2,2,2,1,1,True,True,False,False,False,False,True,False,False,False,False,False,Управление в технических системах
335,True,270.8515584405631,True,False,True,False,False,True,False,True,True,False,False,1,1,3,2,1,1,3,3,2,3,1,True,True,False,False,False,False,False,True,False,False,False,False,Информатика и вычислительная техника
336,True,262.512832394332,False,False,False,False,False,False,False,False,False,False,False,1,1,1,1,1,1,1,1,1,1,1,True,True,False,False,False,False,False,False,False,False,True,False,Биотехнические системы и технологии
337,True,277.0323279917683,False,False,False,False,False,True,False,False,True,False,False,2,2,3,1,1,3,2,3,1,3,2,True,True,False,False,False,False,False,False,True,False,False,False,Информатика и вычислительная техника
338,True,280.0,True,True,True,False,True,True,False,False,False,True,False,1,1,3,3,1,3,1,2,1,1,2,True,False,False,False,False,True,False,False,False,False,False,False,Информационная безопасность автоматизированных систем
339,True,279.48656959311853,False,True,False,False,False,True,False,False,False,True,False,2,3,1,3,1,1,3,3,1,2,3,True,False,False,False,False,False,True,False,False,False,False,False,Информационная безопасность
340,False,272.1936092178443,False,False,False,False,False,False,True,True,False,False,False,3,1,1,3,1,1,2,2,2,1,3,True,True,False,False,False,False,True,False,False,False,False,False,Информатика и вычислительная техника
341,True,265.9700282794585,False,False,False,False,True,True,False,False,False,False,False,3,2,1,1,1,1,2,3,3,1,2,True,True,False,False,True,False,False,False,False,False,False,False,Управление в технических системах
342,False,273.94717302240167,False,False,False,False,False,False,False,False,False,False,True,1,1,2,2,2,2,2,2,2,2,1,True,True,False,False,False,False,True,False,False,False,False,False,Биотехнические системы и технологии
343,True,277.83665566572995,True,True,True,True,False,True,False,False,False,False,True,3,3,2,3,1,2,3,3,3,2,3,True,True,False,False,False,False,False,False,True,False,False,False,Информационная безопасность автоматизированных систем
344,False,277.15852670612617,True,True,True,True,True,True,True,True,True,True,True,3,1,2,2,2,2,3,1,1,3,1,False,True,True,False,False,False,False,False,False,False,False,False,Прикладная информатика
345,True,268.45312699911887,True,False,False,False,True,False,False,False,False,True,False,2,3,3,3,1,3,2,2,2,3,3,True,False,False,False,False,True,False,False,False,False,False,False,Информатика и вычислительная техника
346,True,270.299719323959,False,False,False,False,True,False,False,False,False,False,False,3,3,3,3,1,3,3,3,2,2,1,True,True,False,True,False,False,False,False,False,False,False,False,Информатика и вычислительная техника
347,True,278.5289335439998,False,True,False,True,True,True,False,False,False,False,False,1,1,1,2,1,2,2,3,3,2,2,True,True,False,False,False,False,False,False,False,False,False,True,Информатика и вычислительная техника
348,False,273.4175625068015,False,False,False,False,False,False,False,False,False,True,False,2,2,3,3,1,1,1,1,1,2,3,True,True,True,False,False,False,False,False,False,False,False,False,Информационная безопасность
349,True,280.0,False,True,False,False,False,True,False,False,False,False,False,3,3,2,3,1,3,1,3,2,3,1,True,True,False,False,False,False,False,False,True,False,False,False,Информатика и вычислительная техника
350,False,268.7445715237109,False,False,False,False,False,False,False,False,False,False,False,1,1,1,2,1,1,1,1,1,1,3,True,True,False,False,False,False,True,False,False,False,False,False,Управление в технических системах
351,True,269.1952736561069,False,True,False,False,False,False,True,True,False,False,False,1,2,2,1,1,3,1,1,1,3,1,True,True,False,True,False,False,False,False,False,False,False,False,Управление в технических системах
352,False,279.67462730774906,True,True,False,False,False,True,False,True,False,True,False,2,1,2,3,3,2,2,2,2,3,3,True,True,False,False,False,False,True,False,False,False,False,False,Информационные системы и технологии
353,True,272.9351697674354,False,False,False,True,False,False,True,True,False,True,False,1,1,1,3,1,1,1,1,1,3,1,True,True,False,False,False,False,False,False,False,False,True,False,Информатика и вычислительная техника
354,False,276.3564670944685,False,False,False,False,False,False,False,False,False,True,False,2,3,2,2,1,1,2,1,2,1,3,True,False,True,False,False,False,False,False,False,False,False,False,Информационные системы и технологии
355,True,280.0,False,False,False,False,True,True,False,False,True,False,False,1,1,3,3,1,2,1,1,1,3,1,True,True,False,False,False,False,False,False,False,False,False,True,Информационные системы и технологии
356,False,280.0,False,False,False,False,False,True,False,False,True,True,False,3,2,3,3,2,3,2,2,2,2,3,True,True,False,False,False,False,False,False,False,False,True,False,Биотехнические системы и технологии
357,True,270.5507799652126,True,True,True,False,False,False,False,False,False,False,False,3,2,1,3,1,2,3,2,2,2,3,True,True,False,False,False,False,False,False,False,False,True,False,Информационные системы и технологии
358,True,277.5001195391713,True,False,True,True,False,False,False,False,False,True,True,1,1,2,3,3,1,2,2,2,1,1,True,True,False,False,False,False,False,False,False,False,True,False,Биотехнические системы и технологии
359,False,277.89653531597963,True,False,False,False,True,False,False,False,True,True,False,2,3,3,1,1,3,1,1,1,3,2,True,True,False,True,False,False,False,False,False,False,False,False,Информационные системы и технологии
360,True,274.54169684472333,False,False,False,False,False,True,False,False,False,True,False,3,3,1,1,1,2,1,3,2,2,2,True,True,False,False,False,False,False,True,False,False,False,False,Информационные системы и технологии
361,True,277.31558456629784,False,False,False,False,False,False,False,False,False,False,False,2,2,1,2,1,1,2,1,1,3,3,True,True,False,False,False,False,False,False,False,False,True,False,Информационные системы и технологии
362,True,271.36093662241666,False,False,False,False,True,False,False,False,False,True,True,2,1,3,3,1,2,1,1,3,1,2,True,True,False,False,True,False,False,False,False,False,False,False,Информатика и вычислительная техника
363,True,280.0,False,False,False,False,False,False,False,False,False,False,False,1,3,2,3,1,2,2,3,3,1,3,True,False,False,False,False,False,True,False,False,False,False,False,Приборостроение
364,False,270.28929491004897,False,False,False,False,True,False,False,False,False,True,False,2,3,3,2,1,1,2,2,2,1,2,True,True,False,False,False,False,False,False,False,False,False,True,Информатика и вычислительная техника
365,False,173.87127187285495,False,False,False,False,False,False,False,False,False,True,False,2,2,3,2,1,3,2,2,2,1,2,True,False,False,True,False,False,False,False,False,False,False,False,Информатика и вычислительная техника
366,True,170.12152606180183,False,False,False,False,True,True,False,False,False,False,False,2,2,1,2,1,2,1,2,2,1,2,True,True,False,False,False,False,False,False,False,False,False,True,Информатика и вычислительная техника
367,False,171.97298295992246,False,False,False,False,True,False,False,False,False,False,False,2,1,1,3,3,1,2,2,1,1,2,True,True,False,False,False,False,False,True,False,False,False,False,Программная инженерия
368,True,177.29301068724732,False,False,False,False,False,True,False,False,True,False,False,3,1,1,3,1,1,2,2,2,1,2,True,True,False,False,False,False,False,False,False,False,True,False,Информатика и вычислительная техника
369,False,174.33687249335821,False,False,False,False,False,False,False,False,False,False,False,3,3,3,1,3,3,1,3,1,1,3,True,True,False,False,False,False,False,False,False,False,False,True,Информатика и вычислительная техника
370,False,176.52221213157844,False,False,False,False,False,False,False,False,True,False,False,1,1,3,1,1,1,1,1,1,1,1,False,False,False,True,False,False,False,False,False,False,False,False,Информационные системы и технологии
371,False,175.73036167359555,False,False,True,False,False,False,False,False,False,False,True,1,1,1,2,2,1,1,1,1,3,2,True,True,False,False,False,False,False,False,False,False,True,False,Биотехнические системы и технологии
372,False,174.9118768824552,True,False,False,False,False,False,False,False,False,True,False,2,2,3,2,1,2,2,2,2,1,2,True,True,False,True,False,False,False,False,False,False,False,False,Управление в технических системах
373,False,176.11281169723887,True,False,False,False,True,False,False,False,False,True,False,2,2,3,2,1,2,2,2,2,2,2,True,False,False,False,False,False,True,False,False,False,False,False,Управление в технических системах
374,False,164.15596185866653,False,False,False,True,False,False,False,False,False,True,False,1,1,2,1,1,3,2,2,1,3,3,True,False,False,False,False,False,False,False,False,False,True,False,Программная инженерия
375,False,174.68809936739612,False,False,False,False,False,False,False,False,False,True,True,2,1,1,1,1,2,2,1,1,1,1,True,True,False,False,False,False,False,False,False,False,False,True,Информационные системы и технологии
376,True,175.11830768168178,False,False,False,False,True,False,False,False,False,True,False,2,1,3,3,2,1,2,1,1,2,3,True,True,False,False,False,False,False,False,False,False,True,False,Биотехнические системы и технологии
377,True,174.98303493569333,False,False,False,False,True,False,False,False,False,True,True,3,1,2,3,2,1,3,1,3,3,2,False,True,False,False,False,False,False,False,False,False,True,False,Программная инженерия
378,True,175.4166426135548,False,False,False,False,True,False,True,False,False,False,False,3,2,3,3,1,3,1,1,3,2,2,True,True,False,False,False,False,False,False,False,False,True,False,Информационные системы и технологии
379,False,179.5738682413693,True,True,False,False,False,True,False,False,False,True,False,1,2,3,3,3,1,2,1,1,1,3,True,True,False,False,False,True,False,False,False,False,False,False,Информатика и вычислительная техника
380,True,173.93061429916207,False,False,False,False,False,False,False,False,False,False,False,2,2,2,3,1,3,1,1,1,3,1,True,True,False,True,False,False,False,False,False,False,False,False,Управление в технических системах
381,True,174.53358859710005,False,False,False,False,True,True,False,False,False,True,False,2,2,3,3,1,2,2,2,2,2,2,True,True,False,False,False,False,False,False,False,False,False,True,Управление в технических системах
382,False,179.36175465519875,False,False,False,False,True,True,False,False,True,False,False,2,2,3,2,1,2,2,2,2,2,2,True,True,False,False,False,False,False,False,True,False,False,False,Управление в технических системах
383,True,166.84102698611284,True,True,True,False,False,True,False,False,False,False,False,2,2,2,1,3,2,2,2,2,1,2,True,True,False,False,False,False,False,False,False,False,True,False,Информационная безопасность автоматизированных систем
384,False,172.1512671859601,True,True,False,False,True,True,True,False,False,True,False,3,2,1,3,2,1,3,2,2,1,2,True,True,False,False,False,False,False,False,False,False,True,False,Биотехнические системы и технологии
385,True,178.11724357102108,True,False,False,True,True,True,False,True,False,False,False,3,3,2,3,2,3,3,2,2,3,3,True,False,True,False,False,False,False,False,False,False,False,False,Информатика и вычислительная техника
386,True,171.0967540092437,True,True,True,False,True,False,False,False,False,False,False,2,2,2,3,2,2,2,2,2,2,2,True,False,False,False,False,False,True,False,False,False,False,False,Биотехнические системы и технологии
387,False,174.6865727298274,False,False,False,False,False,True,False,True,False,True,False,1,1,3,2,2,2,1,1,1,1,3,True,True,False,False,False,False,False,False,False,False,True,False,Управление в технических системах
388,True,173.34986112377982,False,False,False,False,True,True,False,False,True,False,False,3,1,3,3,3,3,1,2,2,2,1,True,True,False,False,False,True,False,False,False,False,False,False,Биотехнические системы и технологии
389,True,176.32947598897385,False,False,False,False,False,False,False,False,False,False,False,3,1,1,1,1,1,1,3,1,1,1,True,False,False,False,True,False,False,False,False,False,False,False,Информатика и вычислительная техника
390,True,173.00525957646354,False,False,True,False,False,False,False,False,False,False,True,2,2,3,3,3,2,1,1,1,1,1,True,True,False,False,False,False,False,False,False,False,False,True,Управление в технических системах
391,True,175.7674452582172,False,True,False,False,True,True,False,False,False,False,False,3,2,3,1,1,2,1,1,3,1,1,True,True,False,False,False,False,False,False,False,False,True,False,Информатика и вычислительная техника
392,False,169.46418742142984,True,True,False,True,False,False,False,False,False,True,False,2,1,1,3,1,1,3,2,2,1,2,True,True,False,False,False,False,False,False,False,False,True,False,Программная инженерия
393,True,179.7767302806083,False,False,False,False,True,False,False,False,False,True,False,1,1,3,3,3,1,1,1,1,1,1,True,True,False,False,False,False,False,False,False,False,True,False,Управление в технических системах
394,True,178.792495491657,True,True,True,False,True,False,True,False,False,False,False,2,2,1,3,1,1,2,1,1,2,1,False,False,False,False,False,False,False,False,False,False,True,False,Программная инженерия
395,True,178.47037119030588,True,True,False,True,True,True,False,False,False,False,False,2,2,2,2,1,2,2,2,2,1,3,True,False,False,False,False,True,False,False,False,False,False,False,Управление в технических системах
396,True,179.65410436331751,False,False,False,False,True,True,False,False,False,False,False,3,1,2,2,1,1,2,1,3,2,1,True,True,False,False,False,False,False,True,False,False,False,False,Информатика и вычислительная техника
397,True,173.19633342610626,False,False,False,False,True,False,False,False,False,False,False,2,2,2,2,1,2,2,3,3,2,2,True,True,False,False,False,True,False,False,False,False,False,False,Управление в технических системах
398,False,174.0385748015412,False,False,False,False,False,False,False,False,False,True,False,3,1,3,2,1,3,3,2,3,1,3,True,True,False,False,False,False,False,False,False,False,True,False,Информатика и вычислительная техника
399,False,174.5227672113527,False,False,False,False,True,False,False,False,False,False,False,1,1,3,1,2,1,1,1,1,2,1,True,True,False,True,False,False,False,False,False,False,False,False,Биотехнические системы и технологии
400,True,176.53500476052642,True,True,True,False,False,True,True,False,True,True,True,3,2,3,3,1,3,3,3,3,2,2,True,False,False,False,True,False,False,False,False,False,False,False,Информационные системы и технологии
401,True,176.03627830233359,False,False,False,False,False,True,False,False,False,False,False,2,1,1,1,1,2,1,3,3,1,3,False,True,False,False,False,False,True,False,False,False,False,False,Информатика и вычислительная техника
402,True,175.81815951874697,True,False,True,False,True,False,False,False,False,False,False,2,2,2,3,2,3,2,2,2,3,2,True,True,False,True,False,False,False,False,False,False,False,False,Информационные системы и технологии
403,True,167.89705239758348,False,False,False,True,False,True,True,False,True,False,False,1,3,2,3,1,3,2,3,1,3,3,True,True,False,False,False,False,True,False,False,False,False,False,Биотехнические системы и технологии
404,False,172.68928500031316,True,False,False,False,True,True,False,False,True,True,False,3,2,3,2,1,3,2,2,2,3,3,True,False,True,False,False,False,False,False,False,False,False,False,Информационная безопасность
405,True,176.58452957315234,False,False,False,False,False,True,False,False,True,False,True,3,2,2,3,1,2,3,3,3,2,3,True,True,False,False,False,False,False,False,False,False,True,False,Информационная безопасность автоматизированных систем
406,True,178.78276702272322,False,False,False,False,True,False,False,False,True,False,False,3,2,1,3,1,2,2,3,2,2,2,True,True,False,False,True,False,False,False,False,False,False,False,Биотехнические системы и технологии
407,False,174.23693628684467,False,False,False,False,True,True,False,False,False,False,False,3,2,3,1,1,3,2,2,1,3,2,True,True,False,False,False,False,True,False,False,False,False,False,Информационная безопасность автоматизированных систем
408,False,180.42810123030043,True,False,False,False,False,False,False,False,False,True,False,3,3,3,2,1,1,3,3,3,1,3,True,True,True,False,False,False,False,False,False,False,False,False,Информационная безопасность автоматизированных систем
409,True,175.18661913037258,True,False,False,True,True,True,False,False,True,False,False,1,3,3,3,1,3,1,1,1,1,3,True,True,False,False,False,True,False,False,False,False,False,False,Информационные системы и технологии
410,False,174.39538759054156,True,True,False,False,True,False,False,False,False,True,True,1,2,2,1,1,3,1,3,2,2,3,True,True,False,True,False,False,False,False,False,False,False,False,Информационные системы и технологии
411,True,175.3423366877507,True,True,False,False,False,False,False,False,False,False,False,2,1,3,2,1,2,1,3,3,1,2,True,False,False,False,False,True,False,False,False,False,False,False,Приборостроение
412,True,176.85211187787166,False,False,False,False,False,False,False,False,False,True,False,1,1,1,3,1,1,1,1,1,3,1,False,False,False,False,False,False,False,True,False,False,False,False,Управление в технических системах
413,True,173.82430121877437,False,False,False,False,True,True,False,False,False,False,False,3,1,3,1,1,3,1,2,2,1,3,True,True,False,False,True,False,False,False,False,False,False,False,Информационная безопасность автоматизированных систем
414,False,165.30114861875325,False,False,False,False,False,True,False,False,True,True,False,1,1,3,2,1,3,3,2,2,1,3,True,True,False,False,False,False,True,False,False,False,False,False,Информационная безопасность автоматизированных систем
415,True,174.2570206706098,False,False,False,False,True,True,False,False,False,False,False,2,1,1,2,1,1,2,2,2,2,2,True,True,False,False,False,False,True,False,False,False,False,False,Информационная безопасность автоматизированных систем
416,True,136.31496279564962,False,False,False,False,True,False,False,False,True,False,False,2,2,3,3,1,2,1,3,2,2,1,True,True,False,False,False,False,False,False,False,False,False,True,Управление в технических системах
417,True,133.29165912048072,True,True,False,True,False,True,False,False,False,False,False,2,2,2,3,1,1,2,2,2,1,2,True,True,False,False,False,False,False,False,False,False,True,False,Программная инженерия
418,False,141.5931448681512,False,False,False,False,False,False,False,False,False,True,False,2,2,2,3,3,3,1,3,1,3,1,True,True,False,True,False,False,False,False,False,False,False,False,Информатика и вычислительная техника
419,True,133.7440266807674,True,False,False,False,True,False,False,False,True,True,False,2,3,3,2,1,2,2,2,2,1,2,True,True,False,False,False,False,False,False,False,False,True,False,Информационная безопасность автоматизированных систем
420,True,135.40748865946753,False,False,True,True,True,False,True,False,True,True,False,2,2,3,3,1,2,2,2,2,2,2,True,True,False,False,False,False,False,False,False,False,False,True,Информатика и вычислительная техника
421,True,135.34499805635147,False,False,False,False,True,False,False,True,False,True,False,2,3,2,3,3,1,3,1,1,2,2,True,True,False,False,False,False,False,False,False,False,True,False,Информатика и вычислительная техника
422,True,143.72507957216507,True,True,False,False,True,False,False,True,True,False,True,2,1,3,3,3,2,1,1,1,1,3,False,False,False,False,False,True,False,False,False,False,False,False,Биотехнические системы и технологии
423,False,132.7088894575227,False,False,False,False,False,False,False,False,True,True,False,2,2,3,1,2,1,2,2,2,1,3,True,True,False,False,False,False,True,False,False,False,False,False,Информационная безопасность
424,True,137.76733656888314,True,True,False,False,False,False,False,False,True,True,False,3,2,2,3,1,2,2,2,3,1,3,True,True,False,False,False,False,False,False,False,False,False,True,Информационные системы и технологии
425,False,138.63758590503926,False,True,False,False,False,True,False,False,False,True,False,2,1,2,1,1,3,1,3,1,1,1,True,True,False,False,False,False,False,False,False,False,True,False,Информатика и вычислительная техника
